NationalPark,Thai(Adult),Thai(Child),Foreign(Adult),Foreign(Child),TempOct,TempNov,TempDec,TempJan,TempFeb,TempMar,TempApr,TempMay,TempJune,TempJuly,TempAug,TempSep,TourismOct,TourismNov,TourismDec,TourismJan,TourismFeb,TourismMar,TourismApr,TourismMay,TourismJune,TourismJuly,TourismAug,TourismSep,TourismTotal
1,40,20,400,200,27.1,27.0,23.7,25.7,26.2,29.5,29.0,27.9,29.6,28.8,28.1,27.2,157662.0,156093.0,250501.0,158936.0,79772.0,65480.0,98123.0,96790.0,85674.0,133876.0,84645.0,61213.0,1428765.0
2,20,10,100,50,28.3,28.5,26.4,27.6,28.2,29.9,29.5,28.9,29.8,29.1,28.2,28.2,0.0,14391.0,33159.0,21317.0,14329.0,5084.0,5159.0,4695.0,4698.0,9071.0,6582.0,4865.0,123350.0
3,40,20,200,100,28.3,28.5,26.4,27.6,28.2,29.9,29.5,28.9,29.8,29.1,28.2,28.2,9256.0,6273.0,4599.0,4472.0,1356.0,1313.0,2632.0,1795.0,2115.0,5622.0,5177.0,2462.0,47072.0
4,20,10,100,50,27.8,27.9,25.7,27.3,27.8,29.6,28.8,28.5,30.0,28.9,28.1,27.7,186.0,263.0,629.0,332.0,265.0,193.0,176.0,107.0,79.0,229.0,189.0,123.0,2771.0
5,20,10,100,50,28.1,28.0,25.9,27.3,27.7,29.4,29.2,29.0,30.0,29.0,28.4,28.1,4793.0,5852.0,6787.0,4420.0,1384.0,2735.0,4106.0,0.0,0.0,5065.0,5280.0,5583.0,46005.0
6,20,10,100,50,28.1,28.0,25.9,27.3,27.7,29.4,29.2,29.0,30.0,29.0,28.4,28.1,12434.0,15762.0,21127.0,19876.0,14740.0,16634.0,36454.0,28969.0,17176.0,21678.0,10637.0,5742.0,221229.0
7,40,20,200,100,27.2,27.5,26.0,27.0,27.5,28.0,28.4,28.9,29.5,28.0,28.5,27.0,11657.0,12827.0,23590.0,9554.0,8681.0,11309.0,26121.0,15002.0,5832.0,8062.0,6623.0,3294.0,142552.0
8,40,20,200,100,27.5,27.3,26.1,26.7,27.7,29.1,29.0,29.2,29.8,29.1,28.7,27.8,61993.0,54738.0,88084.0,46721.0,25991.0,41185.0,109079.0,86770.0,49803.0,61449.0,43640.0,26349.0,695802.0
9,40,20,200,100,27.1,27.8,26.2,27.3,27.6,28.6,28.3,28.1,28.7,27.7,27.5,26.8,12213.0,16878.0,29452.0,24207.0,17687.0,24439.0,68193.0,45085.0,24816.0,23896.0,14831.0,8957.0,310654.0
10,40,20,200,100,27.5,27.3,26.1,26.7,27.7,29.1,29.0,29.2,29.8,29.1,28.7,27.8,9150.0,12287.0,11853.0,12679.0,5981.0,7284.0,23753.0,12362.0,8889.0,8580.0,7217.0,2217.0,122252.0
11,40,20,200,100,27.1,27.8,26.2,27.3,27.6,28.6,28.3,28.1,28.7,27.7,27.5,26.8,1443.0,3557.0,5922.0,6559.0,64949.0,66064.0,20141.0,6050.0,4991.0,3725.0,2303.0,950.0,186654.0
12,20,10,100,50,27.2,27.5,26.0,27.0,27.5,28.0,28.4,28.9,29.5,28.0,28.5,27.0,241.0,1031.0,1884.0,2246.0,803.0,1164.0,4154.0,999.0,806.0,504.0,336.0,323.0,14491.0
13,20,10,100,50,27.1,27.8,26.2,27.3,27.6,28.6,28.3,28.1,28.7,27.7,27.5,26.8,306.0,957.0,2870.0,1861.0,599.0,279.0,869.0,432.0,439.0,562.0,381.0,178.0,9733.0
14,60,30,300,150,28.0,27.8,25.8,27.5,27.9,30.0,29.8,28.8,30.1,29.7,28.9,28.3,2880.0,6431.0,10680.0,8328.0,3685.0,3581.0,14164.0,9424.0,4806.0,6076.0,2594.0,2369.0,75018.0
15,60,30,300,150,27.8,27.8,25.8,27.5,27.9,30.0,28.8,28.8,30.1,29.7,28.9,28.3,19651.0,21458.0,35215.0,29471.0,18398.0,21708.0,61715.0,33853.0,25033.0,44011.0,30965.0,16989.0,358467.0
16,60,30,300,150,27.8,27.8,25.8,27.5,27.9,30.0,28.8,28.8,30.1,29.7,28.9,28.3,5995.0,5859.0,11489.0,8844.0,4617.0,3602.0,10551.0,5077.0,3872.0,6173.0,4222.0,2726.0,73027.0
17,40,20,200,100,27.8,27.8,26.2,27.3,27.6,28.6,28.8,28.8,28.7,27.7,27.5,26.8,5654.0,6000.0,14460.0,9315.0,3939.0,1732.0,2297.0,1799.0,2454.0,5386.0,3252.0,2596.0,58884.0
18,60,30,300,150,27.8,27.8,26.2,26.5,27.3,28.8,28.8,28.8,29.4,29.0,28.8,28.4,2516.0,6375.0,14476.0,11013.0,5137.0,6370.0,19020.0,9816.0,10975.0,11448.0,4871.0,2625.0,104642.0
19,40,20,200,100,27.1,27.1,26.2,26.9,26.9,28.7,28.8,28.8,29.4,28.3,28.0,28.2,15413.0,9205.0,19387.0,14788.0,7350.0,7949.0,20608.0,11357.0,3272.0,5413.0,10093.0,6328.0,131163.0
20,40,20,200,100,27.1,27.1,26.4,27.5,27.8,28.4,28.8,28.8,28.8,28.8,28.5,28.3,643.0,1002.0,3922.0,4824.0,1580.0,1726.0,5923.0,1616.0,674.0,855.0,706.0,480.0,23951.0
21,20,10,100,50,26.2,26.2,25.3,26.3,26.5,27.8,28.8,28.8,27.7,27.1,27.7,27.1,412.0,801.0,3451.0,4555.0,3177.0,4046.0,5084.0,4075.0,3727.0,5936.0,7884.0,5135.0,48283.0
22,40,20,200,100,27.3,27.3,24.9,25.2,26.3,29.5,28.8,28.8,29.4,29.3,28.1,27.9,560.0,176.0,1257.0,2467.0,699.0,1168.0,4447.0,2383.0,2814.0,2865.0,3355.0,2664.0,24855.0
23,100,50,500,250,27.1,27.1,27.0,28.5,27.3,27.7,28.8,28.8,27.3,27.2,27.4,27.1,4506.0,11517.0,25825.0,20223.0,15062.0,19417.0,28710.0,9289.0,0.0,0.0,0.0,0.0,134549.0
24,40,20,200,100,27.2,27.2,23.8,25.5,25.7,29.1,28.8,28.8,29.3,28.5,27.9,27.1,3554.0,8731.0,12113.0,12253.0,8444.0,22530.0,46090.0,16614.0,13040.0,16707.0,8950.0,3533.0,172559.0
25,20,10,100,50,27.2,27.2,23.8,25.5,25.7,29.1,28.8,28.8,29.3,28.5,27.9,27.1,6118.0,11518.0,23305.0,15870.0,5155.0,2985.0,6072.0,0.0,0.0,10653.0,8007.0,4385.0,94068.0
26,40,20,200,100,25.5,25.5,22.3,23.2,23.3,27.3,28.8,28.8,28.4,28.0,27.4,26.6,10085.0,14926.0,28981.0,10593.0,4497.0,1593.0,2422.0,2039.0,402.0,604.0,490.0,1643.0,78275.0
27,20,10,100,50,27.1,27.1,24.8,25.5,26.5,29.3,28.8,28.8,29.3,28.4,27.7,27.1,3883.0,3798.0,9211.0,5571.0,1855.0,2057.0,4884.0,2375.0,1011.0,1767.0,1415.0,1480.0,39307.0
28,60,30,300,150,26.3,26.3,24.3,23.2,24.7,29.4,28.8,28.8,29.0,28.3,27.7,27.2,0.0,33534.0,127240.0,86547.0,29519.0,15992.0,35394.0,16065.0,15907.0,27433.0,27454.0,24080.0,439165.0
29,20,10,100,50,26.3,26.3,24.3,23.2,24.7,29.4,28.8,28.8,29.0,28.3,27.7,27.2,2497.0,7451.0,11721.0,16497.0,9147.0,10119.0,21180.0,8907.0,9811.0,12688.0,10290.0,7169.0,127477.0
30,40,20,200,100,27.3,27.3,26.8,28.2,28.3,28.1,28.8,28.8,28.1,28.3,27.8,28.1,2352.0,3210.0,9961.0,10191.0,5213.0,6175.0,12241.0,5661.0,0.0,2949.0,2644.0,2258.0,62855.0
31,40,20,200,100,27.1,27.0,23.7,25.7,26.2,29.5,29.0,27.9,29.6,28.8,28.1,27.2,3350.0,3121.0,5089.0,5315.0,2015.0,2072.0,6954.0,2498.0,2018.0,3021.0,1991.0,1294.0,38738.0
32,40,20,200,100,28.3,28.5,26.4,27.6,28.2,29.9,29.5,28.9,29.8,29.1,28.2,28.2,4643.0,7497.0,19667.0,12257.0,4006.0,2342.0,4707.0,3881.0,4108.0,7319.0,4656.0,3920.0,79003.0
33,40,20,200,100,28.3,28.5,26.4,27.6,28.2,29.9,29.5,28.9,29.8,29.1,28.2,28.2,0.0,113.0,727.0,571.0,191.0,1825.0,2341.0,123.0,47.0,0.0,0.0,0.0,5938.0
34,20,10,100,50,27.8,27.9,25.7,27.3,27.8,29.6,28.8,28.5,30.0,28.9,28.1,27.7,1093.0,3532.0,5677.0,5276.0,3092.0,2377.0,4008.0,2977.0,4064.0,4930.0,3542.0,2944.0,43512.0
35,20,10,100,50,28.1,28.0,25.9,27.3,27.7,29.4,29.2,29.0,30.0,29.0,28.4,28.1,896.0,1078.0,3893.0,2215.0,844.0,425.0,662.0,446.0,562.0,1115.0,675.0,311.0,13122.0
36,40,20,200,100,28.1,28.0,25.9,27.3,27.7,29.4,29.2,29.0,30.0,29.0,28.4,28.1,790.0,697.0,1458.0,1044.0,235.0,633.0,1462.0,929.0,904.0,2083.0,1777.0,0.0,12012.0
37,20,10,100,50,27.2,27.5,26.0,27.0,27.5,28.0,28.4,28.9,29.5,28.0,28.5,27.0,1174.0,687.0,2150.0,2003.0,1013.0,1185.0,5398.0,0.0,0.0,1749.0,1132.0,1044.0,17535.0
38,20,10,100,50,27.5,27.3,26.1,26.7,27.7,29.1,29.0,29.2,29.8,29.1,28.7,27.8,3706.0,2086.0,5134.0,4785.0,2487.0,3035.0,8766.0,4684.0,2435.0,3139.0,1920.0,1277.0,43454.0
39,ไม่เสียค่าบริการ,ไม่เสียค่าบริการ,ไม่เสียค่าบริการ,ไม่เสียค่าบริการ,27.1,27.8,26.2,27.3,27.6,28.6,28.3,28.1,28.7,27.7,27.5,26.8,0.0,112.0,140.0,130.0,81.0,29.0,400.0,226.0,165.0,239.0,306.0,310.0,2138.0
40,40,20,200,100,27.5,27.3,26.1,26.7,27.7,29.1,29.0,29.2,29.8,29.1,28.7,27.8,7413.0,7803.0,20648.0,20101.0,13701.0,15914.0,31040.0,17160.0,10133.0,20122.0,21082.0,12472.0,197589.0
41,40,20,200,100,27.1,27.8,26.2,27.3,27.6,28.6,28.3,28.1,28.7,27.7,27.5,26.8,1282.0,719.0,3049.0,4063.0,2266.0,4807.0,7054.0,4888.0,5205.0,7867.0,10126.0,5241.0,56567.0
42,40,20,200,100,27.2,27.5,26.0,27.0,27.5,28.0,28.4,28.9,29.5,28.0,28.5,27.0,1118.0,927.0,2882.0,4238.0,2002.0,2813.0,8768.0,3701.0,3162.0,3222.0,3169.0,2477.0,38479.0
43,40,20,200,100,27.1,27.8,26.2,27.3,27.6,28.6,28.3,28.1,28.7,27.7,27.5,26.8,0.0,0.0,429.0,1484.0,584.0,507.0,2280.0,596.0,466.0,442.0,474.0,318.0,7580.0
44,20,10,100,50,28.0,27.8,25.8,27.5,27.9,30.0,29.8,28.8,30.1,29.7,28.9,28.3,0.0,804.0,4587.0,4985.0,1474.0,1467.0,6423.0,3035.0,3824.0,7953.0,10186.0,8316.0,53054.0
45,20,10,100,50,27.8,27.8,25.8,27.5,27.9,30.0,28.8,28.8,30.1,29.7,28.9,28.3,0.0,0.0,182.0,233.0,75.0,58.0,250.0,12.0,26.0,21.0,4.0,70.0,931.0
46,20,10,100,50,27.8,27.8,25.8,27.5,27.9,30.0,28.8,28.8,30.1,29.7,28.9,28.3,17.0,24.0,197.0,278.0,175.0,204.0,190.0,108.0,45.0,46.0,74.0,75.0,1433.0
47,20,10,100,50,27.8,27.8,26.2,27.3,27.6,28.6,28.8,28.8,28.7,27.7,27.5,26.8,0.0,1438.0,3747.0,3246.0,1570.0,1382.0,3599.0,1998.0,2002.0,2956.0,2497.0,1775.0,26210.0
48,40,20,200,100,27.8,27.8,26.2,26.5,27.3,28.8,28.8,28.8,29.4,29.0,28.8,28.4,27.0,80.0,141.0,119.0,68.0,28.0,129.0,3.0,15.0,0.0,8.0,12.0,630.0
49,40,20,200,100,27.1,27.1,26.2,26.9,26.9,28.7,28.8,28.8,29.4,28.3,28.0,28.2,11449.0,22113.0,47545.0,51038.0,36361.0,48020.0,73226.0,53388.0,39330.0,40605.0,36459.0,31455.0,490989.0
50,60,30,300,150,27.1,27.1,26.4,27.5,27.8,28.4,28.8,28.8,28.8,28.8,28.5,28.3,2322.0,6249.0,15349.0,14183.0,11243.0,14075.0,22904.0,18016.0,14553.0,21636.0,24608.0,20498.0,185636.0
51,100,50,500,250,26.2,26.2,25.3,26.3,26.5,27.8,28.8,28.8,27.7,27.1,27.7,27.1,1113.0,2310.0,5295.0,3582.0,3338.0,4856.0,7246.0,2009.0,0.0,0.0,0.0,0.0,29749.0
52,40,20,200,100,27.3,27.3,24.9,25.2,26.3,29.5,28.8,28.8,29.4,29.3,28.1,27.9,3748.0,2402.0,44225.0,59111.0,14673.0,8807.0,28147.0,10515.0,3138.0,5386.0,5012.0,3855.0,189019.0
53,40,20,200,100,27.1,27.1,27.0,28.5,27.3,27.7,28.8,28.8,27.3,27.2,27.4,27.1,5136.0,10316.0,22787.0,18468.0,17645.0,23077.0,35619.0,19185.0,5398.0,2.0,0.0,0.0,157633.0
54,40,20,200,100,27.2,27.2,23.8,25.5,25.7,29.1,28.8,28.8,29.3,28.5,27.9,27.1,1339.0,1385.0,4690.0,5642.0,2472.0,2431.0,3539.0,2025.0,1403.0,1701.0,1749.0,1546.0,29922.0
55,20,10,100,50,27.2,27.2,23.8,25.5,25.7,29.1,28.8,28.8,29.3,28.5,27.9,27.1,0.0,547.0,4183.0,9185.0,4383.0,3753.0,15073.0,4412.0,3581.0,4317.0,4171.0,3488.0,57093.0
56,40,20,200,100,25.5,25.5,22.3,23.2,23.3,27.3,28.8,28.8,28.4,28.0,27.4,26.6,69.0,39.0,509.0,810.0,172.0,214.0,2481.0,611.0,517.0,584.0,525.0,383.0,6914.0
57,60,30,300,150,27.1,27.1,24.8,25.5,26.5,29.3,28.8,28.8,29.3,28.4,27.7,27.1,3893.0,6880.0,13790.0,13383.0,7347.0,9418.0,21637.0,11553.0,4019.0,4591.0,4874.0,2850.0,104235.0
58,20,10,100,50,26.3,26.3,24.3,23.2,24.7,29.4,28.8,28.8,29.0,28.3,27.7,27.2,3933.0,3977.0,13954.0,16484.0,11481.0,13479.0,13876.0,14514.0,6246.0,13199.0,9277.0,8350.0,128770.0
59,40,20,200,100,26.3,26.3,24.3,23.2,24.7,29.4,28.8,28.8,29.0,28.3,27.7,27.2,487.0,433.0,897.0,841.0,579.0,684.0,733.0,795.0,679.0,1217.0,1517.0,1333.0,10195.0
60,20,10,100,50,27.3,27.3,26.8,28.2,28.3,28.1,28.8,28.8,28.1,28.3,27.8,28.1,382.0,397.0,1613.0,2377.0,825.0,952.0,2417.0,822.0,431.0,21.0,0.0,373.0,10610.0
61,20,10,100,50,27.1,27.0,23.7,25.7,26.2,29.5,29.0,27.9,29.6,28.8,28.1,27.2,980.0,1540.0,3707.0,5257.0,2252.0,2525.0,7149.0,1962.0,1591.0,2055.0,2518.0,2367.0,33903.0
62,20,10,100,50,28.3,28.5,26.4,27.6,28.2,29.9,29.5,28.9,29.8,29.1,28.2,28.2,138.0,126.0,857.0,1617.0,668.0,852.0,1848.0,615.0,574.0,692.0,1291.0,682.0,9960.0
63,20,10,100,50,28.3,28.5,26.4,27.6,28.2,29.9,29.5,28.9,29.8,29.1,28.2,28.2,100.0,43.0,314.0,900.0,218.0,491.0,2340.0,463.0,361.0,388.0,567.0,264.0,6449.0
64,ไม่เสียค่าบริการ,ไม่เสียค่าบริการ,ไม่เสียค่าบริการ,ไม่เสียค่าบริการ,27.8,27.9,25.7,27.3,27.8,29.6,28.8,28.5,30.0,28.9,28.1,27.7,1960.0,1361.0,5076.0,6810.0,3252.0,3323.0,6086.0,3596.0,2992.0,3867.0,3404.0,3157.0,44884.0
65,20,10,100,50,28.1,28.0,25.9,27.3,27.7,29.4,29.2,29.0,30.0,29.0,28.4,28.1,1198.0,1708.0,4671.0,4996.0,2503.0,2314.0,6123.0,2529.0,1682.0,2297.0,0.0,0.0,30021.0
66,20,10,100,50,28.1,28.0,25.9,27.3,27.7,29.4,29.2,29.0,30.0,29.0,28.4,28.1,0.0,0.0,88.0,244.0,128.0,8.0,0.0,0.0,497.0,640.0,441.0,434.0,2480.0
67,20,10,100,50,27.2,27.5,26.0,27.0,27.5,28.0,28.4,28.9,29.5,28.0,28.5,27.0,2211.0,2427.0,8243.0,12055.0,6949.0,5540.0,14545.0,7423.0,3771.0,9817.0,6522.0,6138.0,85641.0
68,ไม่เสียค่าบริการ,ไม่เสียค่าบริการ,ไม่เสียค่าบริการ,ไม่เสียค่าบริการ,27.5,27.3,26.1,26.7,27.7,29.1,29.0,29.2,29.8,29.1,28.7,27.8,0.0,0.0,279.0,4152.0,868.0,62.0,292.0,236.0,174.0,358.0,125.0,129.0,6675.0
69,20,10,100,50,27.1,27.8,26.2,27.3,27.6,28.6,28.3,28.1,28.7,27.7,27.5,26.8,0.0,0.0,301.0,1742.0,1040.0,1293.0,1209.0,1597.0,860.0,1525.0,1064.0,714.0,11345.0
70,20,10,100,50,27.5,27.3,26.1,26.7,27.7,29.1,29.0,29.2,29.8,29.1,28.7,27.8,0.0,0.0,0.0,1463.0,2149.0,7338.0,13358.0,12153.0,6091.0,10255.0,6087.0,5273.0,64167.0
71,20,10,100,50,27.1,27.8,26.2,27.3,27.6,28.6,28.3,28.1,28.7,27.7,27.5,26.8,0.0,0.0,0.0,0.0,1983.0,4040.0,2995.0,5923.0,2826.0,3840.0,2353.0,1953.0,25913.0
72,ไม่เสียค่าบริการ,ไม่เสียค่าบริการ,ไม่เสียค่าบริการ,ไม่เสียค่าบริการ,27.2,27.5,26.0,27.0,27.5,28.0,28.4,28.9,29.5,28.0,28.5,27.0,0.0,0.0,3527.0,4817.0,3500.0,4485.0,3617.0,4815.0,3616.0,5316.0,4321.0,4665.0,42679.0
73,ไม่เสียค่าบริการ,ไม่เสียค่าบริการ,ไม่เสียค่าบริการ,ไม่เสียค่าบริการ,27.1,27.8,26.2,27.3,27.6,28.6,28.3,28.1,28.7,27.7,27.5,26.8,0.0,0.0,0.0,8062.0,3399.0,4671.0,778.0,4171.0,2821.0,2469.0,1529.0,1555.0,29455.0
74,40,20,200,100,28.0,27.8,25.8,27.5,27.9,30.0,29.8,28.8,30.1,29.7,28.9,28.3,442.0,758.0,1321.0,977.0,337.0,10.0,0.0,632.0,1410.0,15641.0,4343.0,638.0,26509.0
75,40,20,200,100,27.8,27.8,25.8,27.5,27.9,30.0,28.8,28.8,30.1,29.7,28.9,28.3,1583.0,1502.0,3825.0,2931.0,957.0,288.0,1174.0,1285.0,8607.0,52638.0,17441.0,2879.0,95110.0
76,40,20,200,100,27.8,27.8,25.8,27.5,27.9,30.0,28.8,28.8,30.1,29.7,28.9,28.3,9164.0,12132.0,42486.0,20043.0,6336.0,2284.0,3358.0,2259.0,2024.0,6300.0,2779.0,2985.0,112150.0
77,40,20,200,100,27.8,27.8,26.2,27.3,27.6,28.6,28.8,28.8,28.7,27.7,27.5,26.8,8342.0,6718.0,11382.0,10482.0,4936.0,3354.0,7611.0,4341.0,3712.0,6306.0,7365.0,5074.0,79623.0
78,20,10,100,50,27.8,27.8,26.2,26.5,27.3,28.8,28.8,28.8,29.4,29.0,28.8,28.4,3900.0,3815.0,6512.0,3128.0,1794.0,1050.0,1728.0,1557.0,1249.0,3059.0,1860.0,1563.0,31215.0
79,20,10,100,50,27.1,27.1,26.2,26.9,26.9,28.7,28.8,28.8,29.4,28.3,28.0,28.2,9809.0,3949.0,6887.0,6519.0,2993.0,2176.0,3670.0,2540.0,2160.0,3516.0,3612.0,3767.0,51598.0
80,20,10,100,50,27.1,27.1,26.4,27.5,27.8,28.4,28.8,28.8,28.8,28.8,28.5,28.3,2010.0,3106.0,5997.0,1859.0,851.0,376.0,575.0,363.0,455.0,970.0,665.0,490.0,17717.0
81,40,20,200,100,26.2,26.2,25.3,26.3,26.5,27.8,28.8,28.8,27.7,27.1,27.7,27.1,27396.0,21113.0,37619.0,14902.0,8573.0,6900.0,11305.0,7451.0,7453.0,18758.0,10813.0,8090.0,180373.0
82,20,10,100,50,27.3,27.3,24.9,25.2,26.3,29.5,28.8,28.8,29.4,29.3,28.1,27.9,2002.0,1897.0,4726.0,2440.0,1297.0,1660.0,2940.0,1394.0,1051.0,2019.0,1243.0,915.0,23584.0
83,40,20,200,100,27.1,27.1,27.0,28.5,27.3,27.7,28.8,28.8,27.3,27.2,27.4,27.1,16328.0,7547.0,6246.0,4545.0,1832.0,1853.0,6172.0,3006.0,4062.0,7052.0,6001.0,4215.0,68859.0
84,40,20,200,100,27.2,27.2,23.8,25.5,25.7,29.1,28.8,28.8,29.3,28.5,27.9,27.1,0.0,16920.0,46927.0,25006.0,5272.0,4818.0,7764.0,5765.0,10120.0,21577.0,21839.0,11266.0,177274.0
85,20,10,100,50,27.2,27.2,23.8,25.5,25.7,29.1,28.8,28.8,29.3,28.5,27.9,27.1,1782.0,1669.0,3395.0,1999.0,1499.0,1426.0,1696.0,595.0,0.0,1280.0,1159.0,1731.0,18231.0
86,20,10,100,50,25.5,25.5,22.3,23.2,23.3,27.3,28.8,28.8,28.4,28.0,27.4,26.6,1770.0,1157.0,1331.0,1045.0,665.0,454.0,452.0,0.0,0.0,0.0,219.0,241.0,7334.0
87,20,10,100,50,27.1,27.1,24.8,25.5,26.5,29.3,28.8,28.8,29.3,28.4,27.7,27.1,69.0,68.0,218.0,197.0,73.0,29.0,54.0,30.0,23.0,37.0,35.0,47.0,880.0
88,ไม่เสียค่าบริการ,ไม่เสียค่าบริการ,ไม่เสียค่าบริการ,ไม่เสียค่าบริการ,26.3,26.3,24.3,23.2,24.7,29.4,28.8,28.8,29.0,28.3,27.7,27.2,0.0,491.0,529.0,576.0,359.0,0.0,0.0,563.0,538.0,1302.0,933.0,589.0,5880.0
89,20,10,100,50,26.3,26.3,24.3,23.2,24.7,29.4,28.8,28.8,29.0,28.3,27.7,27.2,83.0,136.0,326.0,186.0,43.0,21.0,170.0,12.0,9.0,160.0,80.0,64.0,1290.0
90,20,10,100,50,27.3,27.3,26.8,28.2,28.3,28.1,28.8,28.8,28.1,28.3,27.8,28.1,1263.0,1025.0,1058.0,996.0,484.0,330.0,636.0,0.0,0.0,1017.0,867.0,843.0,8519.0
91,20,10,100,50,27.1,27.0,23.7,25.7,26.2,29.5,29.0,27.9,29.6,28.8,28.1,27.2,14034.0,21183.0,40717.0,39039.0,33318.0,21368.0,24598.0,0.0,16594.0,24719.0,16604.0,13130.0,265304.0
92,20,10,100,50,28.3,28.5,26.4,27.6,28.2,29.9,29.5,28.9,29.8,29.1,28.2,28.2,1069.0,1085.0,2986.0,4082.0,2107.0,1604.0,2658.0,820.0,601.0,812.0,551.0,540.0,18915.0
93,ไม่เสียค่าบริการ,ไม่เสียค่าบริการ,ไม่เสียค่าบริการ,ไม่เสียค่าบริการ,28.3,28.5,26.4,27.6,28.2,29.9,29.5,28.9,29.8,29.1,28.2,28.2,0.0,1743.0,3790.0,3535.0,1514.0,1280.0,3752.0,1375.0,1295.0,2589.0,0.0,0.0,20873.0
94,40,20,200,100,27.8,27.9,25.7,27.3,27.8,29.6,28.8,28.5,30.0,28.9,28.1,27.7,4154.0,6746.0,13066.0,8239.0,3050.0,1606.0,4183.0,1979.0,2256.0,4382.0,2532.0,1828.0,54021.0
95,40,20,200,100,28.1,28.0,25.9,27.3,27.7,29.4,29.2,29.0,30.0,29.0,28.4,28.1,9772.0,11268.0,36696.0,53461.0,7626.0,2854.0,4935.0,1971.0,3014.0,12514.0,8990.0,7210.0,160311.0
96,40,20,200,100,28.1,28.0,25.9,27.3,27.7,29.4,29.2,29.0,30.0,29.0,28.4,28.1,2595.0,2524.0,10197.0,4686.0,1490.0,1039.0,1443.0,1003.0,0.0,0.0,4.0,1137.0,26118.0
97,40,20,200,100,27.2,27.5,26.0,27.0,27.5,28.0,28.4,28.9,29.5,28.0,28.5,27.0,1067.0,1643.0,2260.0,2305.0,812.0,972.0,3470.0,900.0,595.0,718.0,276.0,0.0,15018.0
98,40,20,200,100,27.5,27.3,26.1,26.7,27.7,29.1,29.0,29.2,29.8,29.1,28.7,27.8,1365.0,2929.0,3813.0,1536.0,259.0,510.0,2160.0,379.0,176.0,2435.0,1935.0,2654.0,20151.0
99,20,10,100,50,27.1,27.8,26.2,27.3,27.6,28.6,28.3,28.1,28.7,27.7,27.5,26.8,3929.0,4509.0,7428.0,5165.0,3030.0,2835.0,7487.0,3727.0,2481.0,3382.0,1665.0,1673.0,47311.0
100,ไม่เสียค่าบริการ,ไม่เสียค่าบริการ,ไม่เสียค่าบริการ,ไม่เสียค่าบริการ,27.5,27.3,26.1,26.7,27.7,29.1,29.0,29.2,29.8,29.1,28.7,27.8,0.0,381.0,764.0,444.0,0.0,37.0,216.0,105.0,55.0,200.0,42.0,18.0,2262.0
101,20,10,100,50,27.1,27.8,26.2,27.3,27.6,28.6,28.3,28.1,28.7,27.7,27.5,26.8,0.0,1605.0,3039.0,3025.0,1216.0,953.0,1942.0,0.0,1162.0,1875.0,1719.0,1187.0,17723.0
102,20,10,100,50,27.2,27.5,26.0,27.0,27.5,28.0,28.4,28.9,29.5,28.0,28.5,27.0,2223.0,3127.0,4843.0,3057.0,1443.0,572.0,1944.0,1300.0,999.0,1517.0,1293.0,1396.0,23714.0
103,40,20,200,100,27.1,27.8,26.2,27.3,27.6,28.6,28.3,28.1,28.7,27.7,27.5,26.8,0.0,3060.0,7708.0,5849.0,2452.0,1375.0,3014.0,1873.0,1629.0,4089.0,2803.0,2009.0,35861.0
104,40,20,200,100,28.0,27.8,25.8,27.5,27.9,30.0,29.8,28.8,30.1,29.7,28.9,28.3,35507.0,38128.0,53711.0,46093.0,18689.0,17410.0,54213.0,18962.0,16894.0,31817.0,18947.0,11189.0,361560.0
105,40,20,200,100,27.8,27.8,25.8,27.5,27.9,30.0,28.8,28.8,30.1,29.7,28.9,28.3,731.0,2483.0,6211.0,4315.0,2209.0,2835.0,5332.0,1677.0,1166.0,2936.0,1051.0,989.0,31935.0
106,20,10,100,50,27.8,27.8,25.8,27.5,27.9,30.0,28.8,28.8,30.1,29.7,28.9,28.3,636.0,98.0,1736.0,1012.0,226.0,491.0,1136.0,271.0,269.0,171.0,168.0,201.0,6415.0
107,40,20,200,100,27.8,27.8,26.2,27.3,27.6,28.6,28.8,28.8,28.7,27.7,27.5,26.8,459.0,695.0,1338.0,1535.0,476.0,1042.0,4047.0,888.0,432.0,0.0,0.0,0.0,10912.0
108,20,10,100,50,27.8,27.8,26.2,26.5,27.3,28.8,28.8,28.8,29.4,29.0,28.8,28.4,151.0,191.0,518.0,547.0,204.0,191.0,537.0,119.0,202.0,0.0,0.0,50.0,2710.0
109,20,10,100,50,27.1,27.1,26.2,26.9,26.9,28.7,28.8,28.8,29.4,28.3,28.0,28.2,393.0,218.0,1279.0,509.0,136.0,26.0,84.0,30.0,0.0,0.0,103.0,345.0,3123.0
110,20,10,100,50,27.1,27.1,26.4,27.5,27.8,28.4,28.8,28.8,28.8,28.8,28.5,28.3,167.0,2657.0,5004.0,6325.0,1154.0,0.0,0.0,0.0,440.0,1095.0,696.0,686.0,18224.0
111,40,20,200,100,26.2,26.2,25.3,26.3,26.5,27.8,28.8,28.8,27.7,27.1,27.7,27.1,3537.0,4092.0,9894.0,5777.0,4023.0,910.0,679.0,474.0,675.0,1379.0,785.0,1009.0,33234.0
112,20,10,100,50,27.3,27.3,24.9,25.2,26.3,29.5,28.8,28.8,29.4,29.3,28.1,27.9,796.0,796.0,2972.0,1950.0,268.0,145.0,237.0,122.0,0.0,0.0,0.0,161.0,7447.0
113,ไม่เสียค่าบริการ,ไม่เสียค่าบริการ,ไม่เสียค่าบริการ,ไม่เสียค่าบริการ,27.1,27.1,27.0,28.5,27.3,27.7,28.8,28.8,27.3,27.2,27.4,27.1,1010.0,1048.0,2369.0,2580.0,441.0,143.0,305.0,164.0,223.0,310.0,141.0,241.0,8975.0
114,40,20,200,100,27.2,27.2,23.8,25.5,25.7,29.1,28.8,28.8,29.3,28.5,27.9,27.1,361.0,678.0,1574.0,1466.0,826.0,699.0,1898.0,646.0,431.0,469.0,320.0,271.0,9639.0
115,20,10,100,50,27.2,27.2,23.8,25.5,25.7,29.1,28.8,28.8,29.3,28.5,27.9,27.1,8130.0,12525.0,27286.0,14011.0,3567.0,0.0,0.0,0.0,474.0,1170.0,725.0,756.0,68644.0
116,40,20,200,100,25.5,25.5,22.3,23.2,23.3,27.3,28.8,28.8,28.4,28.0,27.4,26.6,8460.0,14886.0,35047.0,29110.0,12801.0,12377.0,37445.0,12293.0,7655.0,12328.0,6066.0,4724.0,193192.0
117,20,10,100,50,27.1,27.1,24.8,25.5,26.5,29.3,28.8,28.8,29.3,28.4,27.7,27.1,1019.0,864.0,1043.0,1223.0,864.0,412.0,300.0,0.0,290.0,2244.0,1282.0,1045.0,10586.0
118,ไม่เสียค่าบริการ,ไม่เสียค่าบริการ,ไม่เสียค่าบริการ,ไม่เสียค่าบริการ,26.3,26.3,24.3,23.2,24.7,29.4,28.8,28.8,29.0,28.3,27.7,27.2,0.0,1097.0,4631.0,4172.0,1967.0,1357.0,4990.0,1400.0,1284.0,0.0,0.0,896.0,21794.0
119,20,10,100,50,26.3,26.3,24.3,23.2,24.7,29.4,28.8,28.8,29.0,28.3,27.7,27.2,641.0,690.0,1533.0,1256.0,335.0,140.0,220.0,181.0,102.0,220.0,291.0,111.0,5720.0
120,20,10,100,50,27.3,27.3,26.8,28.2,28.3,28.1,28.8,28.8,28.1,28.3,27.8,28.1,25.0,190.0,472.0,358.0,285.0,221.0,7.0,0.0,0.0,0.0,0.0,0.0,1558.0
121,ไม่เสียค่าบริการ,ไม่เสียค่าบริการ,ไม่เสียค่าบริการ,ไม่เสียค่าบริการ,27.1,27.0,23.7,25.7,26.2,29.5,29.0,27.9,29.6,28.8,28.1,27.2,371.0,430.0,681.0,518.0,764.0,7.0,329.0,284.0,579.0,388.0,252.0,293.0,4896.0
122,40,20,200,100,28.3,28.5,26.4,27.6,28.2,29.9,29.5,28.9,29.8,29.1,28.2,28.2,0.0,1651.0,7570.0,2964.0,1145.0,607.0,1036.0,572.0,439.0,970.0,1011.0,974.0,18939.0
123,40,20,200,100,28.3,28.5,26.4,27.6,28.2,29.9,29.5,28.9,29.8,29.1,28.2,28.2,0.0,0.0,1095.0,1001.0,580.0,183.0,503.0,90.0,70.0,212.0,151.0,252.0,4137.0
124,ไม่เสียค่าบริการ,ไม่เสียค่าบริการ,ไม่เสียค่าบริการ,ไม่เสียค่าบริการ,27.8,27.9,25.7,27.3,27.8,29.6,28.8,28.5,30.0,28.9,28.1,27.7,0.0,0.0,1082.0,5466.0,3058.0,3396.0,699.0,0.0,0.0,4356.0,2836.0,2473.0,23366.0
125,40,20,200,100,28.1,28.0,25.9,27.3,27.7,29.4,29.2,29.0,30.0,29.0,28.4,28.1,0.0,2232.0,5087.0,3575.0,1913.0,0.0,0.0,1240.0,1783.0,1789.0,1069.0,773.0,19461.0
126,40,20,200,100,28.1,28.0,25.9,27.3,27.7,29.4,29.2,29.0,30.0,29.0,28.4,28.1,828.0,1044.0,3044.0,2756.0,967.0,669.0,1975.0,532.0,636.0,0.0,0.0,669.0,13120.0
127,40,20,200,100,27.2,27.5,26.0,27.0,27.5,28.0,28.4,28.9,29.5,28.0,28.5,27.0,0.0,1074.0,4365.0,3881.0,1584.0,2817.0,8017.0,2033.0,1393.0,2702.0,1188.0,808.0,29862.0
128,40,20,200,100,27.5,27.3,26.1,26.7,27.7,29.1,29.0,29.2,29.8,29.1,28.7,27.8,0.0,0.0,1022.0,859.0,383.0,141.0,0.0,57.0,195.0,448.0,152.0,318.0,3575.0
129,ไม่เสียค่าบริการ,ไม่เสียค่าบริการ,ไม่เสียค่าบริการ,ไม่เสียค่าบริการ,27.1,27.8,26.2,27.3,27.6,28.6,28.3,28.1,28.7,27.7,27.5,26.8,0.0,0.0,2105.0,4577.0,1741.0,1481.0,4566.0,1303.0,1120.0,4402.0,2627.0,2550.0,26472.0
130,20,10,100,50,27.5,27.3,26.1,26.7,27.7,29.1,29.0,29.2,29.8,29.1,28.7,27.8,1286.0,1219.0,1669.0,1618.0,783.0,3299.0,12164.0,2043.0,1130.0,0.0,0.0,0.0,25211.0
131,20,10,100,50,27.1,27.8,26.2,27.3,27.6,28.6,28.3,28.1,28.7,27.7,27.5,26.8,70.0,373.0,620.0,676.0,446.0,144.0,585.0,356.0,482.0,464.0,366.0,293.0,4875.0
132,20,10,100,50,27.2,27.5,26.0,27.0,27.5,28.0,28.4,28.9,29.5,28.0,28.5,27.0,3724.0,4453.0,8221.0,8673.0,3739.0,5449.0,16641.0,4863.0,3292.0,0.0,0.0,1546.0,60601.0
133,20,10,100,50,27.1,27.8,26.2,27.3,27.6,28.6,28.3,28.1,28.7,27.7,27.5,26.8,763.0,1469.0,2879.0,2266.0,971.0,1064.0,3114.0,730.0,676.0,0.0,0.0,0.0,13932.0
134,ไม่เสียค่าบริการ,ไม่เสียค่าบริการ,ไม่เสียค่าบริการ,ไม่เสียค่าบริการ,28.0,27.8,25.8,27.5,27.9,30.0,29.8,28.8,30.1,29.7,28.9,28.3,3377.0,3925.0,7151.0,6439.0,4462.0,13608.0,27255.0,5978.0,3833.0,0.0,0.0,0.0,76028.0
135,20,10,100,50,27.8,27.8,25.8,27.5,27.9,30.0,28.8,28.8,30.1,29.7,28.9,28.3,1409.0,1723.0,4945.0,3655.0,1393.0,1077.0,649.0,814.0,952.0,1260.0,0.0,0.0,17877.0
136,ไม่เสียค่าบริการ,ไม่เสียค่าบริการ,ไม่เสียค่าบริการ,ไม่เสียค่าบริการ,27.8,27.8,25.8,27.5,27.9,30.0,28.8,28.8,30.1,29.7,28.9,28.3,7942.0,16773.0,49843.0,40098.0,21875.0,12472.0,19997.0,0.0,0.0,0.0,0.0,0.0,169000.0
137,ไม่เสียค่าบริการ,ไม่เสียค่าบริการ,ไม่เสียค่าบริการ,ไม่เสียค่าบริการ,27.8,27.8,26.2,27.3,27.6,28.6,28.8,28.8,28.7,27.7,27.5,26.8,4288.0,4303.0,56038.0,29211.0,3945.0,1094.0,1109.0,967.0,887.0,0.0,0.0,1453.0,103295.0
138,20,10,100,50,27.8,27.8,26.2,26.5,27.3,28.8,28.8,28.8,29.4,29.0,28.8,28.4,619.0,1253.0,4238.0,3374.0,1774.0,1367.0,3300.0,969.0,675.0,0.0,0.0,0.0,17569.0
139,20,10,100,50,27.1,27.1,26.2,26.9,26.9,28.7,28.8,28.8,29.4,28.3,28.0,28.2,697.0,1093.0,4258.0,3898.0,1464.0,1579.0,3924.0,1419.0,991.0,1260.0,978.0,1042.0,22603.0
140,60,30,300,150,27.1,27.1,26.4,27.5,27.8,28.4,28.8,28.8,28.8,28.8,28.5,28.3,1197.0,3341.0,16266.0,15394.0,7338.0,3738.0,12193.0,2917.0,3097.0,4813.0,2210.0,2381.0,74885.0
141,60,30,300,150,26.2,26.2,25.3,26.3,26.5,27.8,28.8,28.8,27.7,27.1,27.7,27.1,3814.0,8343.0,34376.0,19810.0,7795.0,2578.0,4158.0,3068.0,3240.0,3648.0,3034.0,2097.0,95961.0
142,20,10,100,50,27.3,27.3,24.9,25.2,26.3,29.5,28.8,28.8,29.4,29.3,28.1,27.9,0.0,1157.0,7043.0,5666.0,2422.0,1263.0,2226.0,1281.0,1040.0,1724.0,1098.0,1077.0,25997.0
143,20,10,100,50,27.1,27.1,27.0,28.5,27.3,27.7,28.8,28.8,27.3,27.2,27.4,27.1,4086.0,4395.0,8814.0,7168.0,5000.0,6675.0,12331.0,8318.0,5747.0,7900.0,5363.0,4896.0,80693.0
144,ไม่เสียค่าบริการ,ไม่เสียค่าบริการ,ไม่เสียค่าบริการ,ไม่เสียค่าบริการ,27.2,27.2,23.8,25.5,25.7,29.1,28.8,28.8,29.3,28.5,27.9,27.1,0.0,37.0,297.0,320.0,59.0,15.0,113.0,23.0,37.0,115.0,28.0,5.0,1049.0
145,ไม่เสียค่าบริการ,ไม่เสียค่าบริการ,ไม่เสียค่าบริการ,ไม่เสียค่าบริการ,27.2,27.2,23.8,25.5,25.7,29.1,28.8,28.8,29.3,28.5,27.9,27.1,738.0,1440.0,2655.0,2702.0,60.0,3669.0,17629.0,3603.0,788.0,1426.0,739.0,292.0,35741.0
146,ไม่เสียค่าบริการ,ไม่เสียค่าบริการ,ไม่เสียค่าบริการ,ไม่เสียค่าบริการ,25.5,25.5,22.3,23.2,23.3,27.3,28.8,28.8,28.4,28.0,27.4,26.6,0.0,48.0,178.0,177.0,10.0,9.0,99.0,2.0,0.0,0.0,0.0,0.0,523.0
147,20,10,100,50,27.1,27.1,24.8,25.5,26.5,29.3,28.8,28.8,29.3,28.4,27.7,27.1,0.0,512.0,1452.0,1223.0,670.0,1254.0,2333.0,941.0,0.0,0.0,13.0,226.0,8624.0
148,20,10,100,50,26.3,26.3,24.3,23.2,24.7,29.4,28.8,28.8,29.0,28.3,27.7,27.2,49.0,152.0,350.0,545.0,91.0,60.0,473.0,260.0,45.0,61.0,14.0,30.0,2130.0
149,20,10,100,50,26.3,26.3,24.3,23.2,24.7,29.4,28.8,28.8,29.0,28.3,27.7,27.2,0.0,2527.0,10205.0,6639.0,3190.0,1694.0,2377.0,1864.0,1665.0,2642.0,1979.0,2390.0,37172.0
150,ไม่เสียค่าบริการ,ไม่เสียค่าบริการ,ไม่เสียค่าบริการ,ไม่เสียค่าบริการ,27.3,27.3,26.8,28.2,28.3,28.1,28.8,28.8,28.1,28.3,27.8,28.1,2384.0,4173.0,6982.0,6966.0,4593.0,10935.0,25568.0,10939.0,8387.0,14396.0,11916.0,9198.0,116437.0
151,20,10,100,50,27.1,27.0,23.7,25.7,26.2,29.5,29.0,27.9,29.6,28.8,28.1,27.2,6161.0,15133.0,24768.0,21793.0,10245.0,3622.0,4178.0,2239.0,1996.0,3022.0,2045.0,2014.0,97216.0
152,40,20,200,100,28.3,28.5,26.4,27.6,28.2,29.9,29.5,28.9,29.8,29.1,28.2,28.2,200.0,3369.0,1202.0,382.0,185.0,109.0,149.0,0.0,0.0,0.0,0.0,0.0,5596.0
153,20,10,100,50,28.3,28.5,26.4,27.6,28.2,29.9,29.5,28.9,29.8,29.1,28.2,28.2,0.0,0.0,292.0,289.0,80.0,0.0,0.0,12.0,9.0,0.0,0.0,0.0,682.0
154,ไม่เสียค่าบริการ,ไม่เสียค่าบริการ,ไม่เสียค่าบริการ,ไม่เสียค่าบริการ,27.8,27.9,25.7,27.3,27.8,29.6,28.8,28.5,30.0,28.9,28.1,27.7,0.0,340.0,1420.0,535.0,374.0,347.0,5137.0,352.0,0.0,0.0,0.0,0.0,8505.0
155,ไม่เสียค่าบริการ,ไม่เสียค่าบริการ,ไม่เสียค่าบริการ,ไม่เสียค่าบริการ,28.1,28.0,25.9,27.3,27.7,29.4,29.2,29.0,30.0,29.0,28.4,28.1,0.0,9.0,96.0,69.0,32.0,17.0,14.0,12.0,12.0,28.0,12.0,3.0,304.0
156,ไม่เสียค่าบริการ,ไม่เสียค่าบริการ,ไม่เสียค่าบริการ,ไม่เสียค่าบริการ,,,,,,,,,,,,,,,,,,,,,,,,,
